month,visitors
2020-04,Number.NaN
2020-05,Number.NaN
2020-06,Number.NaN
2020-07,Number.NaN
2020-08,Number.NaN
2020-09,Number.NaN
2020-10,Number.NaN
2020-11,Number.NaN
2021-01,Number.NaN
2021-02,Number.NaN
2021-03,Number.NaN
2021-05,Number.NaN
2021-06,Number.NaN
2021-07,Number.NaN
2021-08,Number.NaN
2021-09,Number.NaN
2021-10,379
2021-11,564
2021-12,607
2022-01,284
2022-02,571
2022-03,784
2022-04,1177
2022-05,1252
2022-06,544
2022-07,403
2022-08,276
2022-09,676
2022-10,982
2022-11,1453
2022-12,1221
2023-01,680
2023-02,815
2023-03,908
2023-04,1294
2023-05,1075
2023-06,544
2023-07,496
2023-08,499
2023-09,1618
2023-10,2020
2023-11,2258
2023-12,1909
2024-01,1164
2024-02,2647
2024-03,2797
2024-04,2823
2024-05,1943
2024-06,1216
2024-07,859
2024-08,723
2024-09,1284
2024-10,1833
2024-11,1919
2024-12,1870
2025-01,840
2025-02,837