month,comments_posted
2020-04,7
2020-05,6
2020-06,5
2020-07,7
2020-08,15
2020-09,17
2020-10,23
2020-11,20
2021-01,26
2021-02,17
2021-03,13
2021-05,8
2021-06,17
2021-07,11
2021-08,13
2021-09,19
2021-10,0
2021-11,0
2021-12,0
2022-01,0
2022-02,0
2022-03,0
2022-04,0
2022-05,0
2022-06,0
2022-07,0
2022-08,0
2022-09,0
2022-10,0
2022-11,0
2022-12,0
2023-01,9
2023-02,9
2023-03,23
2023-04,15
2023-05,17
2023-06,7
2023-07,10
2023-08,15
2023-09,24
2023-10,13
2023-11,1
2023-12,18
2024-01,13
2024-02,8
2024-03,11
2024-04,17
2024-05,20
2024-06,12
2024-07,6
2024-08,10
2024-09,7
2024-10,14
2024-11,13
2024-12,17
2025-01,41
2025-02,2
